{
    "name": "root",
    "gauges": {
        "DirectorPPO.Policy.Entropy.mean": {
            "value": 1.3041387796401978,
            "min": 1.3041387796401978,
            "max": 1.4252790212631226,
            "count": 33
        },
        "DirectorPPO.Policy.Entropy.sum": {
            "value": 650.7652587890625,
            "min": 650.7652587890625,
            "max": 721.2181396484375,
            "count": 33
        },
        "DirectorPPO.Environment.EpisodeLength.mean": {
            "value": 0.0,
            "min": 0.0,
            "max": 0.0,
            "count": 33
        },
        "DirectorPPO.Environment.EpisodeLength.sum": {
            "value": 0.0,
            "min": 0.0,
            "max": 0.0,
            "count": 33
        },
        "DirectorPPO.Step.mean": {
            "value": 16499.0,
            "min": 499.0,
            "max": 16499.0,
            "count": 33
        },
        "DirectorPPO.Step.sum": {
            "value": 16499.0,
            "min": 499.0,
            "max": 16499.0,
            "count": 33
        },
        "DirectorPPO.Policy.ExtrinsicValueEstimate.mean": {
            "value": 0.6537402868270874,
            "min": 0.1307263970375061,
            "max": 0.6537402868270874,
            "count": 33
        },
        "DirectorPPO.Policy.ExtrinsicValueEstimate.sum": {
            "value": 326.8701477050781,
            "min": 65.23247528076172,
            "max": 326.8701477050781,
            "count": 33
        },
        "DirectorPPO.Policy.CuriosityValueEstimate.mean": {
            "value": 20.654993057250977,
            "min": 0.029141593724489212,
            "max": 20.654993057250977,
            "count": 33
        },
        "DirectorPPO.Policy.CuriosityValueEstimate.sum": {
            "value": 10327.49609375,
            "min": 14.541655540466309,
            "max": 10327.49609375,
            "count": 33
        },
        "DirectorPPO.Environment.CumulativeReward.mean": {
            "value": 0.6608750628978014,
            "min": 0.22091048265993596,
            "max": 0.662701852530241,
            "count": 33
        },
        "DirectorPPO.Environment.CumulativeReward.sum": {
            "value": 330.4375314489007,
            "min": 110.45524132996798,
            "max": 331.3509262651205,
            "count": 33
        },
        "DirectorPPO.Policy.ExtrinsicReward.mean": {
            "value": 0.6608750628978014,
            "min": 0.22091048265993596,
            "max": 0.662701852530241,
            "count": 33
        },
        "DirectorPPO.Policy.ExtrinsicReward.sum": {
            "value": 330.4375314489007,
            "min": 110.45524132996798,
            "max": 331.3509262651205,
            "count": 33
        },
        "DirectorPPO.Policy.CuriosityReward.mean": {
            "value": 0.00016940791818342404,
            "min": 0.00016940791818342404,
            "max": 0.0311161695250715,
            "count": 33
        },
        "DirectorPPO.Policy.CuriosityReward.sum": {
            "value": 0.08470395909171202,
            "min": 0.08470395909171202,
            "max": 15.526968593010679,
            "count": 33
        },
        "DirectorPPO.Losses.PolicyLoss.mean": {
            "value": 1.7850068783491022,
            "min": 1.4619352952189122,
            "max": 7.873256821102565,
            "count": 33
        },
        "DirectorPPO.Losses.PolicyLoss.sum": {
            "value": 5.355020635047307,
            "min": 4.385805885656737,
            "max": 25.771525597572325,
            "count": 33
        },
        "DirectorPPO.Losses.ValueLoss.mean": {
            "value": 0.0400114872182409,
            "min": 0.016278469857449334,
            "max": 0.17056028090624345,
            "count": 33
        },
        "DirectorPPO.Losses.ValueLoss.sum": {
            "value": 0.1200344616547227,
            "min": 0.048835409572348,
            "max": 0.5116808427187304,
            "count": 33
        },
        "DirectorPPO.Policy.LearningRate.mean": {
            "value": 0.00025117501627500003,
            "min": 0.00025117501627500003,
            "max": 0.0002990310003229999,
            "count": 33
        },
        "DirectorPPO.Policy.LearningRate.sum": {
            "value": 0.000753525048825,
            "min": 0.000753525048825,
            "max": 0.001142958019014,
            "count": 33
        },
        "DirectorPPO.Policy.Epsilon.mean": {
            "value": 0.183725,
            "min": 0.183725,
            "max": 0.19967700000000002,
            "count": 33
        },
        "DirectorPPO.Policy.Epsilon.sum": {
            "value": 0.551175,
            "min": 0.551175,
            "max": 0.7809860000000002,
            "count": 33
        },
        "DirectorPPO.Policy.Beta.mean": {
            "value": 0.005000000000000001,
            "min": 0.005000000000000001,
            "max": 0.005000000000000001,
            "count": 33
        },
        "DirectorPPO.Policy.Beta.sum": {
            "value": 0.015000000000000003,
            "min": 0.015000000000000003,
            "max": 0.020000000000000004,
            "count": 33
        },
        "DirectorPPO.Losses.CuriosityForwardLoss.mean": {
            "value": 0.001591039298930102,
            "min": 0.001591039298930102,
            "max": 0.5933220031360785,
            "count": 33
        },
        "DirectorPPO.Losses.CuriosityForwardLoss.sum": {
            "value": 0.004773117896790306,
            "min": 0.004773117896790306,
            "max": 1.7799660094082355,
            "count": 33
        },
        "DirectorPPO.Losses.CuriosityInverseLoss.mean": {
            "value": 9.867993386586507,
            "min": 9.660014099544949,
            "max": 12.485110643174913,
            "count": 33
        },
        "DirectorPPO.Losses.CuriosityInverseLoss.sum": {
            "value": 29.603980159759523,
            "min": 28.980042298634846,
            "max": 49.21091702779134,
            "count": 33
        },
        "DirectorPPO.IsTraining.mean": {
            "value": 1.0,
            "min": 1.0,
            "max": 1.0,
            "count": 33
        },
        "DirectorPPO.IsTraining.sum": {
            "value": 1.0,
            "min": 1.0,
            "max": 1.0,
            "count": 33
        }
    },
    "metadata": {
        "timer_format_version": "0.1.0",
        "start_time_seconds": "1647182365",
        "python_version": "3.7.3 (v3.7.3:ef4ec6ed12, Mar 25 2019, 22:22:05) [MSC v.1916 64 bit (AMD64)]",
        "command_line_arguments": "D:\\Program Files\\Python\\Scripts\\mlagents-learn Config/Director.yaml --run-id=ScaledActionOutput1",
        "mlagents_version": "0.28.0",
        "mlagents_envs_version": "0.28.0",
        "communication_protocol_version": "1.5.0",
        "pytorch_version": "1.7.1+cu110",
        "numpy_version": "1.21.5",
        "end_time_seconds": "1647183464"
    },
    "total": 1098.9090888,
    "count": 1,
    "self": 0.009743500000240601,
    "children": {
        "run_training.setup": {
            "total": 0.16219859999999975,
            "count": 1,
            "self": 0.16219859999999975
        },
        "TrainerController.start_learning": {
            "total": 1098.7371466999998,
            "count": 1,
            "self": 0.7928898999898593,
            "children": {
                "TrainerController._reset_env": {
                    "total": 11.452250300000001,
                    "count": 1,
                    "self": 11.452250300000001
                },
                "TrainerController.advance": {
                    "total": 1086.3445342000098,
                    "count": 28405,
                    "self": 0.6343141999934687,
                    "children": {
                        "env_step": {
                            "total": 845.4802012000129,
                            "count": 28405,
                            "self": 806.7957705000147,