{
    "name": "root",
    "gauges": {
        "DirectorPPO.Policy.Entropy.mean": {
            "value": 1.4300932884216309,
            "min": 1.4189382791519165,
            "max": 1.439366340637207,
            "count": 200
        },
        "DirectorPPO.Policy.Entropy.sum": {
            "value": 717.9068603515625,
            "min": 686.6285400390625,
            "max": 754.875244140625,
            "count": 200
        },
        "DirectorPPO.Environment.EpisodeLength.mean": {
            "value": 5.794520547945205,
            "min": 5.578947368421052,
            "max": 5.985915492957746,
            "count": 200
        },
        "DirectorPPO.Environment.EpisodeLength.sum": {
            "value": 423.0,
            "min": 417.0,
            "max": 434.0,
            "count": 200
        },
        "DirectorPPO.Step.mean": {
            "value": 99994.0,
            "min": 496.0,
            "max": 99994.0,
            "count": 200
        },
        "DirectorPPO.Step.sum": {
            "value": 99994.0,
            "min": 496.0,
            "max": 99994.0,
            "count": 200
        },
        "DirectorPPO.Policy.ExtrinsicValueEstimate.mean": {
            "value": 2.2421443462371826,
            "min": 0.0,
            "max": 2.34755539894104,
            "count": 200
        },
        "DirectorPPO.Policy.ExtrinsicValueEstimate.sum": {
            "value": 163.67654418945312,
            "min": 0.0,
            "max": 174.82241821289062,
            "count": 200
        },
        "DirectorPPO.Policy.CuriosityValueEstimate.mean": {
            "value": -0.040522925555706024,
            "min": -0.04713555425405502,
            "max": 0.09040167927742004,
            "count": 200
        },
        "DirectorPPO.Policy.CuriosityValueEstimate.sum": {
            "value": -2.9581735134124756,
            "min": -3.4095985889434814,
            "max": 6.599322319030762,
            "count": 200
        },
        "DirectorPPO.Environment.CumulativeReward.mean": {
            "value": 3.7815003378750527,
            "min": 1.9763826011000454,
            "max": 4.141002923250198,
            "count": 200
        },
        "DirectorPPO.Environment.CumulativeReward.sum": {
            "value": 276.04952466487885,
            "min": 144.55075603723526,
            "max": 306.4342163205147,
            "count": 200
        },
        "DirectorPPO.Policy.ExtrinsicReward.mean": {
            "value": 3.7815003378750527,
            "min": 1.9763826011000454,
            "max": 4.141002923250198,
            "count": 200
        },
        "DirectorPPO.Policy.ExtrinsicReward.sum": {
            "value": 276.04952466487885,
            "min": 144.55075603723526,
            "max": 306.4342163205147,
            "count": 200
        },
        "DirectorPPO.Policy.CuriosityReward.mean": {
            "value": 0.0004614490797593297,
            "min": 0.0,
            "max": 0.3553019094548813,
            "count": 200
        },
        "DirectorPPO.Policy.CuriosityReward.sum": {
            "value": 0.033685782822431065,
            "min": 0.0,
            "max": 25.937039390206337,
            "count": 200
        },
        "DirectorPPO.IsTraining.mean": {
            "value": 1.0,
            "min": 1.0,
            "max": 1.0,
            "count": 200
        },
        "DirectorPPO.IsTraining.sum": {
            "value": 1.0,
            "min": 1.0,
            "max": 1.0,
            "count": 200
        },
        "DirectorPPO.Losses.PolicyLoss.mean": {
            "value": 0.49939051053176325,
            "min": 0.39943618431376915,
            "max": 2.2020168900489807,
            "count": 91
        },
        "DirectorPPO.Losses.PolicyLoss.sum": {
            "value": 0.49939051053176325,
            "min": 0.39943618431376915,
            "max": 2.2020168900489807,
            "count": 91
        },
        "DirectorPPO.Losses.ValueLoss.mean": {
            "value": 0.40796341697374977,
            "min": 0.20012397617101668,
            "max": 0.9565446466207504,
            "count": 91
        },
        "DirectorPPO.Losses.ValueLoss.sum": {
            "value": 0.40796341697374977,
            "min": 0.20012397617101668,
            "max": 0.9565446466207504,
            "count": 91
        },
        "DirectorPPO.Policy.LearningRate.mean": {
            "value": 1.3080995640000097e-06,
            "min": 1.3080995640000097e-06,
            "max": 0.00029672700109100006,
            "count": 91
        },
        "DirectorPPO.Policy.LearningRate.sum": {
            "value": 1.3080995640000097e-06,
            "min": 1.3080995640000097e-06,
            "max": 0.00029672700109100006,
            "count": 91
        },
        "DirectorPPO.Policy.Epsilon.mean": {
            "value": 0.10043600000000004,
            "min": 0.10043600000000004,
            "max": 0.19890900000000009,
            "count": 91
        },
        "DirectorPPO.Policy.Epsilon.sum": {
            "value": 0.10043600000000004,
            "min": 0.10043600000000004,
            "max": 0.19890900000000009,
            "count": 91
        },
        "DirectorPPO.Policy.Beta.mean": {
            "value": 0.005000000000000001,
            "min": 0.005000000000000001,
            "max": 0.005000000000000001,
            "count": 91
        },
        "DirectorPPO.Policy.Beta.sum": {
            "value": 0.005000000000000001,
            "min": 0.005000000000000001,
            "max": 0.005000000000000001,
            "count": 91
        },
        "DirectorPPO.Losses.CuriosityForwardLoss.mean": {
            "value": 0.0006651924864854664,
            "min": 0.0006651924864854664,
            "max": 1.124972434838613,
            "count": 91
        },
        "DirectorPPO.Losses.CuriosityForwardLoss.sum": {
            "value": 0.0006651924864854664,
            "min": 0.0006651924864854664,
            "max": 1.124972434838613,
            "count": 91
        },
        "DirectorPPO.Losses.CuriosityInverseLoss.mean": {
            "value": 12.753124777475993,
            "min": 12.017098871866862,
            "max": 13.5379789352417,
            "count": 91
        },
        "DirectorPPO.Losses.CuriosityInverseLoss.sum": {
            "value": 12.753124777475993,
            "min": 12.017098871866862,
            "max": 13.5379789352417,
            "count": 91
        }
    },
    "metadata": {
        "timer_format_version": "0.1.0",
        "start_time_seconds": "1647785261",
        "python_version": "3.7.3 (v3.7.3:ef4ec6ed12, Mar 25 2019, 22:22:05) [MSC v.1916 64 bit (AMD64)]",
        "command_line_arguments": "D:\\Program Files\\Python\\Scripts\\mlagents-learn Config/Director.yaml --run-id=floorAsEpisode1 --force",
        "mlagents_version": "0.28.0",
        "mlagents_envs_version": "0.28.0",
        "communication_protocol_version": "1.5.0",
        "pytorch_version": "1.7.1+cu110",
        "numpy_version": "1.21.5",
        "end_time_seconds": "1647790963"
    },
    "total": 5701.8440335000005,
    "count": 1,
    "self": 0.011270400000285008,
    "children": {
        "run_training.setup": {
            "total": 0.15446839999999984,
            "count": 1,
            "self": 0.15446839999999984
        },
        "TrainerController.start_learning": {
            "total": 5701.6782947,
            "count": 1,
            "self": 2.7544066998643757,
            "children": {
                "TrainerController._reset_env": {
                    "total": 11.538613999999999,
                    "count": 1,
                    "self": 11.538613999999999
                },
                "TrainerController.advance": {
                    "total": 5687.230329500136,
                    "count": 103466,
                    "self": 2.3737007001345773,
                    "children": {
                        "env_step": {
                            "total": 5418.067580900065,
                            "count": 103466,