{
    "name": "root",
    "gauges": {
        "DirectorPPO.Policy.Entropy.mean": {
            "value": 1.154971957206726,
            "min": 1.154971957206726,
            "max": 6.247250556945801,
            "count": 529
        },
        "DirectorPPO.Policy.Entropy.sum": {
            "value": 57.74859619140625,
            "min": 56.701210021972656,
            "max": 362.34051513671875,
            "count": 529
        },
        "DirectorPPO.Environment.EpisodeLength.mean": {
            "value": 0.0,
            "min": 0.0,
            "max": 0.0,
            "count": 529
        },
        "DirectorPPO.Environment.EpisodeLength.sum": {
            "value": 0.0,
            "min": 0.0,
            "max": 0.0,
            "count": 529
        },
        "DirectorPPO.Step.mean": {
            "value": 26449.0,
            "min": 49.0,
            "max": 26449.0,
            "count": 529
        },
        "DirectorPPO.Step.sum": {
            "value": 26449.0,
            "min": 49.0,
            "max": 26449.0,
            "count": 529
        },
        "DirectorPPO.Policy.ExtrinsicValueEstimate.mean": {
            "value": 7.571373462677002,
            "min": 0.0,
            "max": 7.722155570983887,
            "count": 529
        },
        "DirectorPPO.Policy.ExtrinsicValueEstimate.sum": {
            "value": 378.56866455078125,
            "min": 0.0,
            "max": 386.1077880859375,
            "count": 529
        },
        "DirectorPPO.Policy.CuriosityValueEstimate.mean": {
            "value": 199.81021118164062,
            "min": 0.0,
            "max": 199.81021118164062,
            "count": 529
        },
        "DirectorPPO.Policy.CuriosityValueEstimate.sum": {
            "value": 9990.5107421875,
            "min": 0.0,
            "max": 9990.5107421875,
            "count": 529
        },
        "DirectorPPO.Environment.CumulativeReward.mean": {
            "value": 7.589622015357017,
            "min": 0.353266539350152,
            "max": 9.352087549567223,
            "count": 529
        },
        "DirectorPPO.Environment.CumulativeReward.sum": {
            "value": 379.4811007678509,
            "min": 17.6633269675076,
            "max": 467.60437747836113,
            "count": 529
        },
        "DirectorPPO.Policy.ExtrinsicReward.mean": {
            "value": 7.589622015357017,
            "min": 0.353266539350152,
            "max": 9.352087549567223,
            "count": 529
        },
        "DirectorPPO.Policy.ExtrinsicReward.sum": {
            "value": 379.4811007678509,
            "min": 17.6633269675076,
            "max": 467.60437747836113,
            "count": 529
        },
        "DirectorPPO.Policy.CuriosityReward.mean": {
            "value": 1.49896544553485e-05,
            "min": 0.0,
            "max": 0.050102860890328886,
            "count": 529
        },
        "DirectorPPO.Policy.CuriosityReward.sum": {
            "value": 0.000749482722767425,
            "min": 0.0,
            "max": 2.505143044516444,
            "count": 529
        },
        "DirectorPPO.IsTraining.mean": {
            "value": 1.0,
            "min": 1.0,
            "max": 1.0,
            "count": 529
        },
        "DirectorPPO.IsTraining.sum": {
            "value": 1.0,
            "min": 1.0,
            "max": 1.0,
            "count": 529
        },
        "DirectorPPO.Losses.PolicyLoss.mean": {
            "value": 7.868482081095378,
            "min": 1.5316304229199886,
            "max": 7.88264479637146,
            "count": 164
        },
        "DirectorPPO.Losses.PolicyLoss.sum": {
            "value": 7.868482081095378,
            "min": 1.5316304229199886,
            "max": 7.88264479637146,
            "count": 164
        },
        "DirectorPPO.Losses.ValueLoss.mean": {
            "value": 1018.262129720052,
            "min": 0.5586819774781664,
            "max": 1018.262129720052,
            "count": 164
        },
        "DirectorPPO.Losses.ValueLoss.sum": {
            "value": 1018.262129720052,
            "min": 0.5586819774781664,
            "max": 1018.262129720052,
            "count": 164
        },
        "DirectorPPO.Policy.LearningRate.mean": {
            "value": 0.00028415460528180005,
            "min": 0.00028415460528180005,
            "max": 0.0002999022000325999,
            "count": 164
        },
        "DirectorPPO.Policy.LearningRate.sum": {
            "value": 0.00028415460528180005,
            "min": 0.00028415460528180005,
            "max": 0.0002999022000325999,
            "count": 164
        },
        "DirectorPPO.Policy.Epsilon.mean": {
            "value": 0.19471819999999992,
            "min": 0.19471819999999992,
            "max": 0.19996740000000007,
            "count": 164
        },
        "DirectorPPO.Policy.Epsilon.sum": {
            "value": 0.19471819999999992,
            "min": 0.19471819999999992,
            "max": 0.19996740000000007,
            "count": 164
        },
        "DirectorPPO.Policy.Beta.mean": {
            "value": 0.005000000000000001,
            "min": 0.005000000000000001,
            "max": 0.005000000000000001,
            "count": 164
        },
        "DirectorPPO.Policy.Beta.sum": {
            "value": 0.005000000000000001,
            "min": 0.005000000000000001,
            "max": 0.005000000000000001,
            "count": 164
        },
        "DirectorPPO.Losses.CuriosityForwardLoss.mean": {
            "value": 0.0003849641216220334,
            "min": 0.00034366997327500335,
            "max": 1.4835034926732382,
            "count": 164
        },
        "DirectorPPO.Losses.CuriosityForwardLoss.sum": {
            "value": 0.0003849641216220334,
            "min": 0.00034366997327500335,
            "max": 1.4835034926732382,
            "count": 164
        },
        "DirectorPPO.Losses.CuriosityInverseLoss.mean": {
            "value": 7.03678199450175,
            "min": 6.784063450495402,
            "max": 17.31240069071452,
            "count": 164
        },
        "DirectorPPO.Losses.CuriosityInverseLoss.sum": {
            "value": 7.03678199450175,
            "min": 6.784063450495402,
            "max": 17.31240069071452,
            "count": 164
        }
    },
    "metadata": {
        "timer_format_version": "0.1.0",
        "start_time_seconds": "1647009587",
        "python_version": "3.7.3 (v3.7.3:ef4ec6ed12, Mar 25 2019, 22:22:05) [MSC v.1916 64 bit (AMD64)]",
        "command_line_arguments": "D:\\Program Files\\Python\\Scripts\\mlagents-learn Config/Director.yaml --run-id=MultiSpawnRun1 --force",
        "mlagents_version": "0.28.0",
        "mlagents_envs_version": "0.28.0",
        "communication_protocol_version": "1.5.0",
        "pytorch_version": "1.7.1+cu110",
        "numpy_version": "1.21.5",
        "end_time_seconds": "1647014044"
    },
    "total": 4457.0370852,
    "count": 1,
    "self": 0.010430199999063916,
    "children": {
        "run_training.setup": {
            "total": 0.15243950000000006,
            "count": 1,
            "self": 0.15243950000000006
        },
        "TrainerController.start_learning": {
            "total": 4456.874215500001,
            "count": 1,
            "self": 1.5306396999994831,
            "children": {
                "TrainerController._reset_env": {
                    "total": 7.964733600000001,
                    "count": 1,
                    "self": 7.964733600000001
                },
                "TrainerController.advance": {
                    "total": 4447.194308600002,
                    "count": 50345,
                    "self": 1.2287787999803186,
                    "children": {
                        "env_step": {
                            "total": 3888.871806999998,
                            "count": 50345,
                            "self": 3700.489800799998,